Control_Sequence,Cancer_Sequence,Modifications,Protein_Position,Miscleavages,Healthy_Samples,Cancer_Samples,Abundance_Healthy,Abundance_Cancer,PSMs
[155]-KMDSTEPPYSQKR-[165],[155]-KMDSTEPPYSQ{D-K}RY-[166],1xDimethyl [K11(99.4)],P68104 [155-166],1,S1; S2; S3,S4; S5; S6,35.8,43.2,6
[155]-KMDSTEPPYSQKR-[165],[155]-KMDSTEPPYSQ{D-K}RY-[166],1xOxidation [M1]; 1xDimethyl [K11(99.6)],P68104 [155-166],1,S1; S2; S3,S4; S5; S6,35.9,43.2,5
[40]-RHQGVMVGMGQKD | KDSYVGDEAQSKR-[61],[40]-RHQGVMVGMGQ{D-K}DSYVGDEAQSKR-[61],2xOxidation [M5; M8]; 1xDimethyl [K11(100)],P60709 [40-61]; P62736 [42-63]; P68133 [42-63],1,S2; S3,S4,202.4,197.6,2
[40]-RHQGVMVGMGQKD | KDSYVGDEAQSKR-[61],[40]-RHQGVMVGMGQ{T-K}DSYVGDEAQSKR-[61],2xOxidation [M5; M8]; 1xTrimethyl [K11(100)],P60709 [40-61]; P62736 [42-63]; P68133 [42-63],1,None,S6,None,None,1
[398]-RGGPASVPSSSPGTSVKK-[413],[394]-RTQG{M-R}GGPASVPSSSPGTSVKK-[413],1xMethyl [R4(100)],O43237 [394-413],1,S1; S2; S3,S4; S5; S6,151.1,149.9,10
[56]-KYAWVLDKL-[62],[52]-KGSF{D-K}YAWVLDKL-[62],1xDimethyl [K4(100)],P68104 [52-62],1,S1; S2; S3,S4; S5; S6,122.7,141.8,45
[17]-RGAPEGPGPSGGAQGGSIHSGRI-[37],[12]-RAGAG{M-R}GAPEGPGPSGGAQGGSIHSGRI-[37],1xMethyl [R5(100)],Q9BYN0 [12-37],1,S1; S2; S3,S4; S5; S6,113.1,103.5,10
[17]-RGAPEGPGPSGGAQGGSIHSGRI-[37],[12]-RAGAG{D-R}GAPEGPGPSGGAQGGSIHSGRI-[37],1xDimethyl [R5(100)],Q9BYN0 [12-37],1,S1; S2; S3,S4; S5; S6,137.4,125.5,9
[74]-REIAQDFKT-[80],[74]-REIAQDF{M-K}TDLRF-[84],1xMethyl [K7(100)],P84243 [74-84],1,S1; S2; S3,S4; S5; S6,49.1,24.5,6
[204]-RGGGGNFGPGPGSNFRG | RGGNFGFGDSRG-[228],[204]-RGGNFGFGDS{D-R}GGGGNFGPGPGSNFRG-[228],1xDimethyl [R10(100)],P22626 [204-228],1,S1; S2,S4; S6,148.0,252.0,3
[204]-RGGGGNFGPGPGSNFRG | RGGNFGFGDSRG-[228],[204]-RGGNFGFGDS{M-R}GGGGNFGPGPGSNFRG-[228],1xMethyl [R10(100)],P22626 [204-228],1,S1; S2; S3,S4; S5; S6,198.5,201.5,5
[162]-KYLYEIARRH | RRHPYFYAPELLFFAKR-[183],[169]-RRHPYFYAPELLFFA{M-K}R-[183],1xMethyl [K15(100)],P02768 [169-183],1,S1; S2; S3,S4; S5; S6,133.2,126.3,3
[291]-RKDLYANTVLSGGTTMYPGIADRM | KDLYANTVLSGGTTMYPGIADRM-[312],[291]-R{T-K}DLYANTVLSGGTTMYPGIADRM-[312],1xOxidation [M15]; 1xTrimethyl [K1(100)],P60709 [291-312],1,S1; S2; S3,S4; S5,213.1,186.9,1
[398]-RGGPASVPSSSPGTSVKK-[413],[394]-RTQG{D-R}GGPASVPSSSPGTSVKK-[413],1xDimethyl [R4(100)],O43237 [394-413],1,S1; S2; S3,S4; S5; S6,201.8,198.2,3
[155]-KMDSTEPPYSQKR-[165],[155]-KMDSTEPPYSQ{M-K}RY-[166],1xMethyl [K11(99.7)],P68104 [155-166],1,S1; S2; S3,S4; S5,20.3,25.7,2
[258]-KLVTDLTKV-[264],[250]-KAEFAEVS{T-K}LVTDLTKV-[264],1xTrimethyl [K8(100)],P02768 [250-264],1,S1; S2; S3,S4; S5; S6,24.6,22.3,3
[204]-RGGNFGFGDSRG-[213],[201]-RSG{M-R}GGNFGFGDSRG-[213],1xMethyl [R3(100)],P22626 [201-213],1,S1; S2; S3,S4; S5; S6,132.0,136.3,7
[155]-KMDSTEPPYSQKR-[165],[155]-KMDSTEPPYSQ{T-K}RY-[166],1xTrimethyl [K11(99)],P68104 [155-166],1,S1; S2; S3,S4; S5; S6,64.5,84.0,7
[1554]-RSIQEELQQLRQ-[1563],[1553]-K{D-R}SIQEELQQLRQ-[1563],1xDimethyl [R1(100)],Q15149 [1553-1563],1,S1; S2; S3,S4; S5; S6,41.1,57.3,3
[1403]-RLQAAEEHVEAVNAKCASLEKT-[1422],[1403]-RLQAAEEHVEAVNAKCASLE{M-K}T-[1422],1xCarbamidomethyl [C15]; 1xMethyl [K20(99.4)],Q9UKX2 [1403-1422],1,S1; S2; S3,S4; S5; S6,60.6,52.4,1
[71]-KLEEDISSSMTNSTAASRPPVTLRL | KAFAMIIDKLEEDISSSMTNSTAASRPPVTLRL | KAFAMIIDKL-[101],[71]-KAFAMIID{D-K}LEEDISSSMTNSTAASRPPVTLRL-[101],2xOxidation [M4; M17]; 1xDimethyl [K8(100)],Q15366 [71-101],1,S1; S2; S3,S4; S5; S6,177.1,122.3,2
